-- phpMyAdmin SQL Dump
-- version 5.1.1
-- https://www.phpmyadmin.net/
--
-- Hostite: 127.0.0.1
-- 캛as generovania: 칔t 17.Jan 2023, 21:58
-- Verzia serveru: 10.4.21-MariaDB
-- Verzia PHP: 8.0.10

SET SQL_MODE = "NO_AUTO_VALUE_ON_ZERO";
START TRANSACTION;
SET time_zone = "+00:00";


/*!40101 SET @OLD_CHARACTER_SET_CLIENT=@@CHARACTER_SET_CLIENT */;
/*!40101 SET @OLD_CHARACTER_SET_RESULTS=@@CHARACTER_SET_RESULTS */;
/*!40101 SET @OLD_COLLATION_CONNECTION=@@COLLATION_CONNECTION */;
/*!40101 SET NAMES utf8mb4 */;

--
-- Datab치za: `myrecipes_kubista`
--

-- --------------------------------------------------------

--
-- 맚rukt칰ra tabu쬶y pre tabu쬶u `images`
--

CREATE TABLE `images` (
  `recept_id` int(11) NOT NULL,
  `array_image` text NOT NULL,
  `id` int(11) NOT NULL,
  `postup` text DEFAULT NULL
) ENGINE=InnoDB DEFAULT CHARSET=utf8mb4;

--
-- S콘ahujem d치ta pre tabu쬶u `images`
--

INSERT INTO `images` (`recept_id`, `array_image`, `id`, `postup`) VALUES
(1, '1.jpg', 3, 'Suroviny na cesto.'),
(1, '2.jpg', 4, 'Suroviny na plnku.'),
(1, '3.jpg', 5, 'Cesto: Bielky, so, cukor vy코쬬h치me do tuha. Potom postupne za코쬬h치me po jednom 쮃죲ku a nakoniec vmie코ame preosiatu polohrub칰 m칰ku spojen칰 s pr치코kom do pe캜iva.'),
(1, '4.jpg', 6, 'V칛캜코칤 plech (30x40 cm) vylo쮂셠e papierom na pe캜enie a rovnomerne rozotrieme pripraven칠 cesto. R칰ru predhrejeme na 180 stup켿ov a pe캜ieme 15 min칰t do zlatista.'),
(2, '', 7, 'Cottage cheese rozmixujeme najemno, prid치me o코칰pan칠 zrel칠 avok치do, najemno nastr칰han칳 syr (ja som pou쬴la goral tehlu), prelisovan칳 cesnak a rozmixujeme v코etko spolu do hladka.'),
(2, 'natierka.jpg', 8, 'Pod쬬 chuti prid치me 코tipku soli a mlet칠ho 캜ierneho korenia. Dobr칰 chu콘 游뗵');

-- --------------------------------------------------------

--
-- 맚rukt칰ra tabu쬶y pre tabu쬶u `recepty`
--

CREATE TABLE `recepty` (
  `recept_id` int(255) NOT NULL,
  `nazov_receptu` varchar(255) NOT NULL,
  `popis_receptu` varchar(500) NOT NULL,
  `array_suroviny` text NOT NULL,
  `array_mnozstvo` text NOT NULL,
  `array_jednotka` text NOT NULL,
  `array_postup` text NOT NULL,
  `options` text NOT NULL,
  `priprava_v_minutach` int(11) DEFAULT NULL,
  `varenie_pecenie` int(11) DEFAULT NULL,
  `teplota` int(11) DEFAULT NULL,
  `pocet_porci` int(11) DEFAULT NULL,
  `image_data` text NOT NULL,
  `url_ar` varchar(255) NOT NULL,
  `id_author` int(11) NOT NULL,
  `username` varchar(255) NOT NULL,
  `date_of_create` timestamp NOT NULL DEFAULT current_timestamp(),
  `suroviny` text DEFAULT NULL,
  `new_old` varchar(225) DEFAULT NULL
) ENGINE=InnoDB DEFAULT CHARSET=utf8mb4;

--
-- S콘ahujem d치ta pre tabu쬶u `recepty`
--

INSERT INTO `recepty` (`recept_id`, `nazov_receptu`, `popis_receptu`, `array_suroviny`, `array_mnozstvo`, `array_jednotka`, `array_postup`, `options`, `priprava_v_minutach`, `varenie_pecenie`, `teplota`, `pocet_porci`, `image_data`, `url_ar`, `id_author`, `username`, `date_of_create`, `suroviny`, `new_old`) VALUES
(1, 'Kokosov치 rol치da', 'Pre milovn칤kov kokosov칳ch z치kuskov. Rol치da vhodn치 na svadby, sviato캜n칠 posedenie, oslavy. Kokosov치 plnka prekvap칤 chu콘ou.', '', '', '', '', 'Kol치캜e a dezerty', 50, 15, 180, 20, 'rolada.jpg', '', 0, 'admin', '2023-01-14 19:54:42', 'Cesto:\r\n6 ks	vajcia,\r\n6 PL	cukor kry코t치lov칳,\r\n6 PL	m칰ka polohrub치,\r\n1 캛L	pr치코ok do pe캜iva,\r\n코tipka soli,\r\n\r\nPlnka:\r\n300 ml mlieko,\r\n1 bal. (v pr치코ku) puding kokosov칳,\r\n4 PK cukor kry코t치lov칳,\r\n200 g zm칛knut칠 maslo,\r\n1 PL kokos jemne str칰han칳,\r\n\r\nNa potretie:\r\nlekv치r r칤bez쬺v칳 (alebo d쬰m)	', 'old'),
(2, 'Avok치dov치 n치tierka', 'Lorem Ipsum is simply dummy text of the printing and typesetting industry. Lorem Ipsum has been the industry\'s standard dummy text ever since the 1500s, when an unknown printer took a galley of type and scrambled it to make a type specimen book. It has survived not only five centuries, but also the leap into electronic typesetting, remaining essentially unchanged. It was popularised in the 1960s with the release of Letraset sheets containing Lorem Ipsum passages, and more recently with desktop p', '', '', '', '', 'N치tierky', 15, 0, 0, 0, 'avokado.jpg', '', 0, 'admin', '2023-01-14 20:04:09', '180 g cheese cottage\r\n1 ks zrel칠 avok치do\r\n3 str칰캜iky cesnaku\r\n20 g syr tvrd칳\r\nso쬪r\nkorenie 캜ierne mlet칠\r\n', 'new'),
(7, 'novy', '', '', '', '', '', '', 0, 0, 0, 0, '', '', 0, 'admin', '2023-01-17 20:26:34', '', 'new');

-- --------------------------------------------------------

--
-- 맚rukt칰ra tabu쬶y pre tabu쬶u `reviews`
--

CREATE TABLE `reviews` (
  `id` int(11) NOT NULL,
  `username` varchar(255) DEFAULT NULL,
  `review` varchar(255) DEFAULT NULL,
  `datetime` datetime DEFAULT NULL,
  `recept_id` int(11) DEFAULT NULL
) ENGINE=InnoDB DEFAULT CHARSET=utf8;

--
-- S콘ahujem d치ta pre tabu쬶u `reviews`
--

INSERT INTO `reviews` (`id`, `username`, `review`, `datetime`, `recept_id`) VALUES
(9, 'Martin', 've쬸i dobr칠', '2023-01-14 21:09:33', 1),
(10, 'Martin', 'v칳born칠', '2023-01-14 21:09:45', 1),
(11, 'Martin', 'v칳born칠', '2023-01-14 21:10:35', 1),
(18, 'admin', 'chutn칠', '2023-01-16 17:32:37', 2);

-- --------------------------------------------------------

--
-- 맚rukt칰ra tabu쬶y pre tabu쬶u `users`
--

CREATE TABLE `users` (
  `id` int(11) NOT NULL,
  `name` varchar(100) DEFAULT NULL,
  `email` varchar(100) DEFAULT NULL,
  `password` varchar(100) DEFAULT NULL,
  `Date_of_registration` timestamp(6) NOT NULL DEFAULT current_timestamp(6),
  `avatar` varchar(100) DEFAULT NULL,
  `user_type` varchar(255) NOT NULL DEFAULT 'user'
) ENGINE=InnoDB DEFAULT CHARSET=utf8mb4;

--
-- S콘ahujem d치ta pre tabu쬶u `users`
--

INSERT INTO `users` (`id`, `name`, `email`, `password`, `Date_of_registration`, `avatar`, `user_type`) VALUES
(3, 'admin', 'admin@admin.com', 'a', '0000-00-00 00:00:00.000000', 'p.jpg', 'admin'),
(4, 'Martin', 'kubistam840@azet.sk', '25f9e794323b453885f5181f1b624d0b', '2023-01-09 21:08:38.071406', NULL, 'user'),
(5, 'novy', 'a@s', '96e79218965eb72c92a549dd5a330112', '2023-01-15 11:51:07.432507', 'profil.png', 'user');

--
-- K쮂줷껸 pre exportovan칠 tabu쬶y
--

--
-- Indexy pre tabu쬶u `images`
--
ALTER TABLE `images`
  ADD PRIMARY KEY (`id`);

--
-- Indexy pre tabu쬶u `recepty`
--
ALTER TABLE `recepty`
  ADD PRIMARY KEY (`recept_id`);

--
-- Indexy pre tabu쬶u `reviews`
--
ALTER TABLE `reviews`
  ADD PRIMARY KEY (`id`);

--
-- Indexy pre tabu쬶u `users`
--
ALTER TABLE `users`
  ADD PRIMARY KEY (`id`);

--
-- AUTO_INCREMENT pre exportovan칠 tabu쬶y
--

--
-- AUTO_INCREMENT pre tabu쬶u `images`
--
ALTER TABLE `images`
  MODIFY `id` int(11) NOT NULL AUTO_INCREMENT, AUTO_INCREMENT=16;

--
-- AUTO_INCREMENT pre tabu쬶u `recepty`
--
ALTER TABLE `recepty`
  MODIFY `recept_id` int(255) NOT NULL AUTO_INCREMENT, AUTO_INCREMENT=11;

--
-- AUTO_INCREMENT pre tabu쬶u `reviews`
--
ALTER TABLE `reviews`
  MODIFY `id` int(11) NOT NULL AUTO_INCREMENT, AUTO_INCREMENT=20;

--
-- AUTO_INCREMENT pre tabu쬶u `users`
--
ALTER TABLE `users`
  MODIFY `id` int(11) NOT NULL AUTO_INCREMENT, AUTO_INCREMENT=6;
COMMIT;

/*!40101 SET CHARACTER_SET_CLIENT=@OLD_CHARACTER_SET_CLIENT */;
/*!40101 SET CHARACTER_SET_RESULTS=@OLD_CHARACTER_SET_RESULTS */;
/*!40101 SET COLLATION_CONNECTION=@OLD_COLLATION_CONNECTION */;
